--
-- PostgreSQL database dump
--

\restrict cr8qq847KdyK1bETJ4Z3LD3LuLDjMNRTD9tPpga5VLzMFgyBkSEDgivGtE0uyfD

-- Dumped from database version 18.1
-- Dumped by pg_dump version 18.1

SET statement_timeout = 0;
SET lock_timeout = 0;
SET idle_in_transaction_session_timeout = 0;
SET transaction_timeout = 0;
SET client_encoding = 'UTF8';
SET standard_conforming_strings = on;
SELECT pg_catalog.set_config('search_path', '', false);
SET check_function_bodies = false;
SET xmloption = content;
SET client_min_messages = warning;
SET row_security = off;

SET default_tablespace = '';

SET default_table_access_method = heap;

--
-- Name: admins; Type: TABLE; Schema: public; Owner: postgres
--

CREATE TABLE public.admins (
    id bigint NOT NULL
);


ALTER TABLE public.admins OWNER TO postgres;

--
-- Name: dealer_listings; Type: TABLE; Schema: public; Owner: postgres
--

CREATE TABLE public.dealer_listings (
    dealer_id bigint NOT NULL,
    motorcycle_listing_id bigint NOT NULL
);


ALTER TABLE public.dealer_listings OWNER TO postgres;

--
-- Name: dealer_requests; Type: TABLE; Schema: public; Owner: postgres
--

CREATE TABLE public.dealer_requests (
    id bigint NOT NULL,
    user_id bigint,
    tax_id character varying(255) NOT NULL,
    address character varying(255) NOT NULL,
    request_status character varying(255) DEFAULT 'PENDING'::character varying
);


ALTER TABLE public.dealer_requests OWNER TO postgres;

--
-- Name: dealer_requests_id_seq; Type: SEQUENCE; Schema: public; Owner: postgres
--

CREATE SEQUENCE public.dealer_requests_id_seq
    AS integer
    START WITH 1
    INCREMENT BY 1
    NO MINVALUE
    NO MAXVALUE
    CACHE 1;


ALTER SEQUENCE public.dealer_requests_id_seq OWNER TO postgres;

--
-- Name: dealer_requests_id_seq; Type: SEQUENCE OWNED BY; Schema: public; Owner: postgres
--

ALTER SEQUENCE public.dealer_requests_id_seq OWNED BY public.dealer_requests.id;


--
-- Name: dealers; Type: TABLE; Schema: public; Owner: postgres
--

CREATE TABLE public.dealers (
    address character varying(255) NOT NULL,
    dealer_status character varying(255) CONSTRAINT dealers_status_not_null NOT NULL,
    tax_id character varying(255) NOT NULL,
    id bigint NOT NULL,
    CONSTRAINT dealers_status_check CHECK (((dealer_status)::text = ANY ((ARRAY['PENDING'::character varying, 'APPROVED'::character varying, 'REJECTED'::character varying])::text[])))
);


ALTER TABLE public.dealers OWNER TO postgres;

--
-- Name: motorcycle_listings; Type: TABLE; Schema: public; Owner: postgres
--

CREATE TABLE public.motorcycle_listings (
    id bigint NOT NULL,
    brand character varying(255) NOT NULL,
    color character varying(255) NOT NULL,
    mileage integer NOT NULL,
    model character varying(255) NOT NULL,
    price double precision NOT NULL,
    status character varying(255) NOT NULL,
    stock_qty integer NOT NULL,
    type character varying(255) NOT NULL,
    year integer NOT NULL,
    CONSTRAINT motorcycle_listings_status_check CHECK (((status)::text = ANY ((ARRAY['AVAILABLE'::character varying, 'OUT_OF_STOCK'::character varying])::text[]))),
    CONSTRAINT motorcycle_listings_type_check CHECK (((type)::text = ANY ((ARRAY['SPORT'::character varying, 'NAKED'::character varying, 'CRUISER'::character varying])::text[])))
);


ALTER TABLE public.motorcycle_listings OWNER TO postgres;

--
-- Name: motorcycle_listings_id_seq; Type: SEQUENCE; Schema: public; Owner: postgres
--

ALTER TABLE public.motorcycle_listings ALTER COLUMN id ADD GENERATED BY DEFAULT AS IDENTITY (
    SEQUENCE NAME public.motorcycle_listings_id_seq
    START WITH 1
    INCREMENT BY 1
    NO MINVALUE
    NO MAXVALUE
    CACHE 1
);


--
-- Name: purchase_inquiries; Type: TABLE; Schema: public; Owner: postgres
--

CREATE TABLE public.purchase_inquiries (
    id bigint NOT NULL,
    user_id bigint NOT NULL,
    motorcycle_listing_id bigint NOT NULL,
    full_name character varying(255) NOT NULL,
    email character varying(255) NOT NULL,
    phone_number character varying(255) NOT NULL,
    address character varying(255) NOT NULL,
    message character varying(255)
);


ALTER TABLE public.purchase_inquiries OWNER TO postgres;

--
-- Name: purchase_inquiries_id_seq; Type: SEQUENCE; Schema: public; Owner: postgres
--

CREATE SEQUENCE public.purchase_inquiries_id_seq
    AS integer
    START WITH 1
    INCREMENT BY 1
    NO MINVALUE
    NO MAXVALUE
    CACHE 1;


ALTER SEQUENCE public.purchase_inquiries_id_seq OWNER TO postgres;

--
-- Name: purchase_inquiries_id_seq; Type: SEQUENCE OWNED BY; Schema: public; Owner: postgres
--

ALTER SEQUENCE public.purchase_inquiries_id_seq OWNED BY public.purchase_inquiries.id;


--
-- Name: test_ride; Type: TABLE; Schema: public; Owner: postgres
--

CREATE TABLE public.test_ride (
    id bigint NOT NULL,
    user_id bigint NOT NULL,
    motorcycle_listing_id bigint NOT NULL,
    scheduled_date timestamp without time zone NOT NULL
);


ALTER TABLE public.test_ride OWNER TO postgres;

--
-- Name: test_ride_id_seq; Type: SEQUENCE; Schema: public; Owner: postgres
--

CREATE SEQUENCE public.test_ride_id_seq
    AS integer
    START WITH 1
    INCREMENT BY 1
    NO MINVALUE
    NO MAXVALUE
    CACHE 1;


ALTER SEQUENCE public.test_ride_id_seq OWNER TO postgres;

--
-- Name: test_ride_id_seq; Type: SEQUENCE OWNED BY; Schema: public; Owner: postgres
--

ALTER SEQUENCE public.test_ride_id_seq OWNED BY public.test_ride.id;


--
-- Name: user_accounts; Type: TABLE; Schema: public; Owner: postgres
--

CREATE TABLE public.user_accounts (
    id bigint NOT NULL,
    email character varying(255) NOT NULL,
    password_hash character varying(255) NOT NULL,
    phone_number character varying(255) NOT NULL,
    role character varying(255),
    username character varying(255) NOT NULL,
    status character varying(255) DEFAULT 'ACTIVE'::character varying,
    CONSTRAINT user_accounts_role_check CHECK (((role)::text = ANY ((ARRAY['USER'::character varying, 'DEALER'::character varying, 'ADMIN'::character varying])::text[])))
);


ALTER TABLE public.user_accounts OWNER TO postgres;

--
-- Name: user_accounts_id_seq; Type: SEQUENCE; Schema: public; Owner: postgres
--

ALTER TABLE public.user_accounts ALTER COLUMN id ADD GENERATED BY DEFAULT AS IDENTITY (
    SEQUENCE NAME public.user_accounts_id_seq
    START WITH 1
    INCREMENT BY 1
    NO MINVALUE
    NO MAXVALUE
    CACHE 1
);


--
-- Name: user_wishlists; Type: TABLE; Schema: public; Owner: postgres
--

CREATE TABLE public.user_wishlists (
    user_id bigint NOT NULL,
    motorcycle_listing_id bigint NOT NULL
);


ALTER TABLE public.user_wishlists OWNER TO postgres;

--
-- Name: users; Type: TABLE; Schema: public; Owner: postgres
--

CREATE TABLE public.users (
    first_name character varying(255) NOT NULL,
    last_name character varying(255) NOT NULL,
    id bigint NOT NULL
);


ALTER TABLE public.users OWNER TO postgres;

--
-- Name: dealer_requests id; Type: DEFAULT; Schema: public; Owner: postgres
--

ALTER TABLE ONLY public.dealer_requests ALTER COLUMN id SET DEFAULT nextval('public.dealer_requests_id_seq'::regclass);


--
-- Name: purchase_inquiries id; Type: DEFAULT; Schema: public; Owner: postgres
--

ALTER TABLE ONLY public.purchase_inquiries ALTER COLUMN id SET DEFAULT nextval('public.purchase_inquiries_id_seq'::regclass);


--
-- Name: test_ride id; Type: DEFAULT; Schema: public; Owner: postgres
--

ALTER TABLE ONLY public.test_ride ALTER COLUMN id SET DEFAULT nextval('public.test_ride_id_seq'::regclass);


--
-- Data for Name: admins; Type: TABLE DATA; Schema: public; Owner: postgres
--

COPY public.admins (id) FROM stdin;
15
\.


--
-- Data for Name: dealer_listings; Type: TABLE DATA; Schema: public; Owner: postgres
--

COPY public.dealer_listings (dealer_id, motorcycle_listing_id) FROM stdin;
16	21
16	22
\.


--
-- Data for Name: dealer_requests; Type: TABLE DATA; Schema: public; Owner: postgres
--

COPY public.dealer_requests (id, user_id, tax_id, address, request_status) FROM stdin;
\.


--
-- Data for Name: dealers; Type: TABLE DATA; Schema: public; Owner: postgres
--

COPY public.dealers (address, dealer_status, tax_id, id) FROM stdin;
ASDAS	APPROVED	123	16
Cluj, Romania	APPROVED	RO2832	14
\.


--
-- Data for Name: motorcycle_listings; Type: TABLE DATA; Schema: public; Owner: postgres
--

COPY public.motorcycle_listings (id, brand, color, mileage, model, price, status, stock_qty, type, year) FROM stdin;
1	Kawasaki	Blue	3500	ZX6-R	12000	AVAILABLE	3	SPORT	2025
2	Yamaha	Blue	12000	YZF-R6	8500	AVAILABLE	3	SPORT	2019
3	Yamaha	Black	8000	MT-07	7200	AVAILABLE	5	NAKED	2021
4	Honda	Red	15000	CBR600RR	7800	OUT_OF_STOCK	0	SPORT	2018
5	Honda	Silver	5000	CB650R	7600	AVAILABLE	2	NAKED	2022
6	Kawasaki	Green	11000	Ninja ZX-6R	8900	AVAILABLE	4	SPORT	2020
7	Kawasaki	Black/Green	3000	Z900	9000	AVAILABLE	6	NAKED	2023
8	BMW	White	20000	R 1250 GS	14500	AVAILABLE	2	CRUISER	2021
9	Harley-Davidson	Black	18000	Iron 883	11000	OUT_OF_STOCK	0	CRUISER	2019
10	Ducati	Red	9000	Monster 821	10500	AVAILABLE	3	NAKED	2020
11	Ducati	Red	4000	Panigale V2	16500	AVAILABLE	1	SPORT	2023
21	12321	Red	123213	123213	12343	AVAILABLE	1	CRUISER	2026
22	mata	Red	12321	asdas	12321	AVAILABLE	1	SPORT	2026
\.


--
-- Data for Name: purchase_inquiries; Type: TABLE DATA; Schema: public; Owner: postgres
--

COPY public.purchase_inquiries (id, user_id, motorcycle_listing_id, full_name, email, phone_number, address, message) FROM stdin;
\.


--
-- Data for Name: test_ride; Type: TABLE DATA; Schema: public; Owner: postgres
--

COPY public.test_ride (id, user_id, motorcycle_listing_id, scheduled_date) FROM stdin;
2	16	2	2026-05-27 10:00:00
3	16	2	2026-05-24 10:00:00
4	14	1	2026-05-24 10:00:00
\.


--
-- Data for Name: user_accounts; Type: TABLE DATA; Schema: public; Owner: postgres
--

COPY public.user_accounts (id, email, password_hash, phone_number, role, username, status) FROM stdin;
14	user@test.com	$2a$10$ReT26Q.GhNSNLmgLOfBiy.E4y1iBLVAhMqWlRDK4CZSRPqKynfIW.	1234567890	USER	test	ACTIVE
15	admin@test.com	$2a$10$G4//jk3sO85/nnpX/6ApSOar.vRUTrrpoZt4U8J1Tl0UzatG..CZm	2234567890	ADMIN	admin	ACTIVE
17	chestie@email.com	$2a$10$EamPpPee0V5ifLr22odc4.ziDmYy0jDzQ5gdmH5rGMsA7L.g0mnBu	+40771141131	USER	asdasdas	ACTIVE
16	dealer@test.com	$2a$10$JpsW8dIvlxLj.H1fAWEDz.KUhe.rH9IjDNzTIQ.liXQ9TDBzvmAdG	3234567890	DEALER	dealer	ACTIVE
\.


--
-- Data for Name: user_wishlists; Type: TABLE DATA; Schema: public; Owner: postgres
--

COPY public.user_wishlists (user_id, motorcycle_listing_id) FROM stdin;
\.


--
-- Data for Name: users; Type: TABLE DATA; Schema: public; Owner: postgres
--

COPY public.users (first_name, last_name, id) FROM stdin;
asd	asdas	17
\.


--
-- Name: dealer_requests_id_seq; Type: SEQUENCE SET; Schema: public; Owner: postgres
--

SELECT pg_catalog.setval('public.dealer_requests_id_seq', 2, true);


--
-- Name: motorcycle_listings_id_seq; Type: SEQUENCE SET; Schema: public; Owner: postgres
--

SELECT pg_catalog.setval('public.motorcycle_listings_id_seq', 22, true);


--
-- Name: purchase_inquiries_id_seq; Type: SEQUENCE SET; Schema: public; Owner: postgres
--

SELECT pg_catalog.setval('public.purchase_inquiries_id_seq', 2, true);


--
-- Name: test_ride_id_seq; Type: SEQUENCE SET; Schema: public; Owner: postgres
--

SELECT pg_catalog.setval('public.test_ride_id_seq', 4, true);


--
-- Name: user_accounts_id_seq; Type: SEQUENCE SET; Schema: public; Owner: postgres
--

SELECT pg_catalog.setval('public.user_accounts_id_seq', 17, true);


--
-- Name: admins admins_pkey; Type: CONSTRAINT; Schema: public; Owner: postgres
--

ALTER TABLE ONLY public.admins
    ADD CONSTRAINT admins_pkey PRIMARY KEY (id);


--
-- Name: dealer_listings dealer_listings_pkey; Type: CONSTRAINT; Schema: public; Owner: postgres
--

ALTER TABLE ONLY public.dealer_listings
    ADD CONSTRAINT dealer_listings_pkey PRIMARY KEY (dealer_id, motorcycle_listing_id);


--
-- Name: dealer_requests dealer_requests_pkey; Type: CONSTRAINT; Schema: public; Owner: postgres
--

ALTER TABLE ONLY public.dealer_requests
    ADD CONSTRAINT dealer_requests_pkey PRIMARY KEY (id);


--
-- Name: dealers dealers_pkey; Type: CONSTRAINT; Schema: public; Owner: postgres
--

ALTER TABLE ONLY public.dealers
    ADD CONSTRAINT dealers_pkey PRIMARY KEY (id);


--
-- Name: motorcycle_listings motorcycle_listings_pkey; Type: CONSTRAINT; Schema: public; Owner: postgres
--

ALTER TABLE ONLY public.motorcycle_listings
    ADD CONSTRAINT motorcycle_listings_pkey PRIMARY KEY (id);


--
-- Name: purchase_inquiries purchase_inquiries_pkey; Type: CONSTRAINT; Schema: public; Owner: postgres
--

ALTER TABLE ONLY public.purchase_inquiries
    ADD CONSTRAINT purchase_inquiries_pkey PRIMARY KEY (id);


--
-- Name: test_ride test_ride_pkey; Type: CONSTRAINT; Schema: public; Owner: postgres
--

ALTER TABLE ONLY public.test_ride
    ADD CONSTRAINT test_ride_pkey PRIMARY KEY (id);


--
-- Name: user_accounts uk32118ao3yprt9j4dqlcnwuf5v; Type: CONSTRAINT; Schema: public; Owner: postgres
--

ALTER TABLE ONLY public.user_accounts
    ADD CONSTRAINT uk32118ao3yprt9j4dqlcnwuf5v UNIQUE (phone_number);


--
-- Name: user_accounts ukf9sl209luxhu4rylls0h1m625; Type: CONSTRAINT; Schema: public; Owner: postgres
--

ALTER TABLE ONLY public.user_accounts
    ADD CONSTRAINT ukf9sl209luxhu4rylls0h1m625 UNIQUE (email);


--
-- Name: user_accounts user_accounts_pkey; Type: CONSTRAINT; Schema: public; Owner: postgres
--

ALTER TABLE ONLY public.user_accounts
    ADD CONSTRAINT user_accounts_pkey PRIMARY KEY (id);


--
-- Name: user_wishlists user_wishlists_pkey; Type: CONSTRAINT; Schema: public; Owner: postgres
--

ALTER TABLE ONLY public.user_wishlists
    ADD CONSTRAINT user_wishlists_pkey PRIMARY KEY (user_id, motorcycle_listing_id);


--
-- Name: users users_pkey; Type: CONSTRAINT; Schema: public; Owner: postgres
--

ALTER TABLE ONLY public.users
    ADD CONSTRAINT users_pkey PRIMARY KEY (id);


--
-- Name: dealer_listings dealer_listings_dealer_id_fkey; Type: FK CONSTRAINT; Schema: public; Owner: postgres
--

ALTER TABLE ONLY public.dealer_listings
    ADD CONSTRAINT dealer_listings_dealer_id_fkey FOREIGN KEY (dealer_id) REFERENCES public.dealers(id);


--
-- Name: dealer_listings dealer_listings_motorcycle_listing_id_fkey; Type: FK CONSTRAINT; Schema: public; Owner: postgres
--

ALTER TABLE ONLY public.dealer_listings
    ADD CONSTRAINT dealer_listings_motorcycle_listing_id_fkey FOREIGN KEY (motorcycle_listing_id) REFERENCES public.motorcycle_listings(id);


--
-- Name: dealer_requests dealer_requests_user_id_fkey; Type: FK CONSTRAINT; Schema: public; Owner: postgres
--

ALTER TABLE ONLY public.dealer_requests
    ADD CONSTRAINT dealer_requests_user_id_fkey FOREIGN KEY (user_id) REFERENCES public.users(id) ON DELETE CASCADE;


--
-- Name: users fk3cn3tvb5beppd6770y51g75dk; Type: FK CONSTRAINT; Schema: public; Owner: postgres
--

ALTER TABLE ONLY public.users
    ADD CONSTRAINT fk3cn3tvb5beppd6770y51g75dk FOREIGN KEY (id) REFERENCES public.user_accounts(id);


--
-- Name: dealers fk515lrtlm8av7io8obiftupjdq; Type: FK CONSTRAINT; Schema: public; Owner: postgres
--

ALTER TABLE ONLY public.dealers
    ADD CONSTRAINT fk515lrtlm8av7io8obiftupjdq FOREIGN KEY (id) REFERENCES public.user_accounts(id);


--
-- Name: admins fkq8ayy6x61rrmxtamn9j83uwms; Type: FK CONSTRAINT; Schema: public; Owner: postgres
--

ALTER TABLE ONLY public.admins
    ADD CONSTRAINT fkq8ayy6x61rrmxtamn9j83uwms FOREIGN KEY (id) REFERENCES public.user_accounts(id);


--
-- Name: purchase_inquiries purchase_inquiries_motorcycle_listing_id_fkey; Type: FK CONSTRAINT; Schema: public; Owner: postgres
--

ALTER TABLE ONLY public.purchase_inquiries
    ADD CONSTRAINT purchase_inquiries_motorcycle_listing_id_fkey FOREIGN KEY (motorcycle_listing_id) REFERENCES public.motorcycle_listings(id);


--
-- Name: purchase_inquiries purchase_inquiries_user_id_fkey; Type: FK CONSTRAINT; Schema: public; Owner: postgres
--

ALTER TABLE ONLY public.purchase_inquiries
    ADD CONSTRAINT purchase_inquiries_user_id_fkey FOREIGN KEY (user_id) REFERENCES public.users(id);


--
-- Name: test_ride test_ride_motorcycle_listing_id_fkey; Type: FK CONSTRAINT; Schema: public; Owner: postgres
--

ALTER TABLE ONLY public.test_ride
    ADD CONSTRAINT test_ride_motorcycle_listing_id_fkey FOREIGN KEY (motorcycle_listing_id) REFERENCES public.motorcycle_listings(id) ON DELETE CASCADE;


--
-- Name: test_ride test_ride_user_id_fkey; Type: FK CONSTRAINT; Schema: public; Owner: postgres
--

ALTER TABLE ONLY public.test_ride
    ADD CONSTRAINT test_ride_user_id_fkey FOREIGN KEY (user_id) REFERENCES public.user_accounts(id) ON DELETE CASCADE;


--
-- Name: user_wishlists user_wishlists_motorcycle_listing_id_fkey; Type: FK CONSTRAINT; Schema: public; Owner: postgres
--

ALTER TABLE ONLY public.user_wishlists
    ADD CONSTRAINT user_wishlists_motorcycle_listing_id_fkey FOREIGN KEY (motorcycle_listing_id) REFERENCES public.motorcycle_listings(id);


--
-- Name: user_wishlists user_wishlists_user_id_fkey; Type: FK CONSTRAINT; Schema: public; Owner: postgres
--

ALTER TABLE ONLY public.user_wishlists
    ADD CONSTRAINT user_wishlists_user_id_fkey FOREIGN KEY (user_id) REFERENCES public.users(id);


--
-- PostgreSQL database dump complete
--

\unrestrict cr8qq847KdyK1bETJ4Z3LD3LuLDjMNRTD9tPpga5VLzMFgyBkSEDgivGtE0uyfD

